Workbook

Sheet Budget Summary
A1: Budget summary
A2: Target $150, hard ceiling $400.
A4: Line item | B4: Cost | C4: Notes
A5: Data preparation (CPU instance) | B5: =Assumptions!$B$24*Assumptions!$B$9 -> 3 | C5: Download and tokenise FineWeb once to a persistent volume.
A6: Debugging (cheap single GPU) | B6: =Assumptions!$B$25*Assumptions!$B$10 -> 10 | C6: All correctness work happens here, not on a cluster.
A7: Track A - converged runs | B7: ='Track A'!$L$13 -> 81.269203 | C7: Small model to target loss across the config grid.
A8: Track B - throughput grid | B8: ='Track B'!$J$13 -> 25.090647 | C8: Large model, parallelism strategies, short runs.
A9: Subtotal | B9: =SUM(B5:B8) -> 119.35985
A10: Failure / rerun buffer | B10: =B9*Assumptions!$B$26 -> 35.807955 | C10: Applied to subtotal.
A11: GRAND TOTAL | B11: =B9+B10 -> 155.1678
A13: Design target | B13: 150 | C13: Preferred spend.
A14: Hard ceiling | B14: 400 | C14: Do not exceed.
A15: Headroom vs target | B15: =B13-B11 -> -5.1678045 | C15: Negative means the plan as configured exceeds the design target.
A16: Headroom vs ceiling | B16: =B14-B11 -> 244.8322
A18: Levers, roughly in order of effect
A19: 1. Reduce Track A token budget by targeting a slightly easier loss (largest single lever).
A20: 2. Drop the 1-GPU converged baseline and extrapolate it instead.
A21: 3. Batch Track B configs into one provisioned session to amortise launch overhead.
A22: 4. Use spot everywhere, which requires checkpoint-resume to be working first.
A23: 5. Cut Track B entirely - Track A alone is a complete, presentable project.

Sheet Assumptions
A1: GPU budget model — assumptions
A2: Every other sheet references this one. Edit blue cells; yellow cells are unvalidated guesses to replace with measurements.
A4: PRICING
A5: GPUs per node | B5: 8 | C5: DGX-class node: 8 GPUs in one NVSwitch domain.
A6: On-demand rate ($/GPU-hr) | B6: 3 | C6: H100 SXM with 400G InfiniBand, approx. mid-2026 market rate. Source: GPUPerHour / market surveys, July 2026. Verify against your chosen provider.
A7: Spot discount factor | B7: 0.5 | C7: Interruptible pricing as a fraction of on-demand. Assumes you implement checkpoint-resume.
A8: Spot rate ($/GPU-hr) | B8: =B6*B7 -> 1.5 | C8: Calculated.
A9: Cheap CPU instance ($/hr) | B9: 0.5 | C9: Dataset download and tokenisation. Never do this on a GPU node.
A10: Single cheap GPU ($/hr) | B10: 0.4 | C10: Consumer card on a spot marketplace, for correctness debugging.
A11: HARDWARE
A12: H100 bf16 dense peak (TFLOP/s) | B12: 990 | C12: Nominal dense bf16 peak per GPU, no sparsity.
A13: TRACK A - small model, trained to target loss
A14: Track A parameters | B14: 124000000 | C14: GPT-2 small. Matches the modded-nanogpt benchmark definition, so results stay comparable.
A15: Track A token budget | B15: 5000000000 | C15: GUESS. Tokens to reach 3.28 FineWeb val loss with a competent but non-record implementation. Karpathy-era baseline ~10B; current record ~0.7B. Biggest single uncertainty in this model.
A16: Track A MFU | B16: 0.28 | C16: GUESS. Small models achieve poor model-FLOPs-utilisation. Measure on your first run and update.
A17: TRACK B - large model, throughput only
A18: Track B parameters | B18: 7000000000 | C18: Model states = 112 GB at 16 bytes/param, exceeding one 80GB H100. FSDP2 is therefore required, not decorative.
A19: Track B tokens per step | B19: 524288 | C19: Global batch in tokens.
A20: Track B MFU | B20: 0.4 | C20: GUESS. Larger models achieve better MFU than Track A.
A21: Track B steps per config | B21: 40 | C21: Throughput only, never trained to convergence. ~10 warmup + ~30 measured steps gives a stable step time.
A22: OVERHEAD
A23: Launch overhead per run (min) | B23: 6 | C23: Provisioning, image pull, data mount, torch.compile. Billed time during which you are not training.
A24: Data prep hours (CPU instance) | B24: 6 | C24: Download + tokenise FineWeb sample to a persistent volume. Done once.
A25: Debug hours (cheap single GPU) | B25: 25 | C25: Correctness work before touching a cluster. The highest-leverage line in this model.
A26: Failure / rerun buffer | B26: 0.3 | C26: Applied to the grand total. First-time multi-node work fails often.
A28: Legend
A29: Blue text = input you can edit
A30: Yellow fill = unvalidated guess; measure early and replace
A31: Black text = calculated; do not edit

Sheet Track A
A1: Track A - 124M model trained to target loss (benchmark-comparable)
A2: Full runs to 3.28 val loss. Scaling efficiency is a placeholder guess - measuring it is the point of the project.
A4: Configuration | B4: Nodes | C4: GPUs | D4: Interconnect | E4: Scaling efficiency (guess) | F4: Runs | G4: Ideal train min | H4: Wall min / run | I4: Billed min / run | J4: Rate $/GPU-hr | K4: $ / run | L4: Subtotal $
A5: 1 GPU baseline | B5: 1 | C5: 1 | D5: n/a | E5: 1 | F5: 1 | G5: =(6*Assumptions!$B$14*Assumptions!$B$15)/(Assumptions!$B$16*Assumptions!$B$12*10^12*C5)/60 -> 223.66522 | H5: =G5/E5 -> 223.66522 | I5: =H5+Assumptions!$B$23 -> 229.66522 | J5: =Assumptions!$B$8 -> 1.5 | K5: =I5/60*C5*J5 -> 5.7416306 | L5: =K5*F5 -> 5.7416306
A6: 1 node x 2 GPU | B6: 1 | C6: 2 | D6: NVLink | E6: 0.95 | F6: 1 | G6: =(6*Assumptions!$B$14*Assumptions!$B$15)/(Assumptions!$B$16*Assumptions!$B$12*10^12*C6)/60 -> 111.83261 | H6: =G6/E6 -> 117.71854 | I6: =H6+Assumptions!$B$23 -> 123.71854 | J6: =Assumptions!$B$8 -> 1.5 | K6: =I6/60*C6*J6 -> 6.1859269 | L6: =K6*F6 -> 6.1859269
A7: 1 node x 4 GPU | B7: 1 | C7: 4 | D7: NVLink | E7: 0.92 | F7: 1 | G7: =(6*Assumptions!$B$14*Assumptions!$B$15)/(Assumptions!$B$16*Assumptions!$B$12*10^12*C7)/60 -> 55.916306 | H7: =G7/E7 -> 60.778593 | I7: =H7+Assumptions!$B$23 -> 66.778593 | J7: =Assumptions!$B$8 -> 1.5 | K7: =I7/60*C7*J7 -> 6.6778593 | L7: =K7*F7 -> 6.6778593
A8: 1 node x 8 GPU | B8: 1 | C8: 8 | D8: NVLink | E8: 0.88 | F8: 1 | G8: =(6*Assumptions!$B$14*Assumptions!$B$15)/(Assumptions!$B$16*Assumptions!$B$12*10^12*C8)/60 -> 27.958153 | H8: =G8/E8 -> 31.770628 | I8: =H8+Assumptions!$B$23 -> 37.770628 | J8: =Assumptions!$B$8 -> 1.5 | K8: =I8/60*C8*J8 -> 7.5541257 | L8: =K8*F8 -> 7.5541257
A9: 2 nodes x 8 GPU | B9: 2 | C9: 16 | D9: InfiniBand | E9: 0.75 | F9: 1 | G9: =(6*Assumptions!$B$14*Assumptions!$B$15)/(Assumptions!$B$16*Assumptions!$B$12*10^12*C9)/60 -> 13.979076 | H9: =G9/E9 -> 18.638769 | I9: =H9+Assumptions!$B$23 -> 24.638769 | J9: =Assumptions!$B$8 -> 1.5 | K9: =I9/60*C9*J9 -> 9.8555075 | L9: =K9*F9 -> 9.8555075
A10: 2 nodes x 8 GPU, naive DDP | B10: 2 | C10: 16 | D10: Ethernet | E10: 0.3 | F10: 1 | G10: =(6*Assumptions!$B$14*Assumptions!$B$15)/(Assumptions!$B$16*Assumptions!$B$12*10^12*C10)/60 -> 13.979076 | H10: =G10/E10 -> 46.596922 | I10: =H10+Assumptions!$B$23 -> 52.596922 | J10: =Assumptions!$B$8 -> 1.5 | K10: =I10/60*C10*J10 -> 21.038769 | L10: =K10*F10 -> 21.038769
A11: 2 nodes x 8 GPU, comm tuning | B11: 2 | C11: 16 | D11: Ethernet | E11: 0.45 | F11: 1 | G11: =(6*Assumptions!$B$14*Assumptions!$B$15)/(Assumptions!$B$16*Assumptions!$B$12*10^12*C11)/60 -> 13.979076 | H11: =G11/E11 -> 31.064614 | I11: =H11+Assumptions!$B$23 -> 37.064614 | J11: =Assumptions!$B$8 -> 1.5 | K11: =I11/60*C11*J11 -> 14.825846 | L11: =K11*F11 -> 14.825846
A12: 2 nodes x 8 GPU, DiLoCo | B12: 2 | C12: 16 | D12: Ethernet | E12: 0.8 | F12: 1 | G12: =(6*Assumptions!$B$14*Assumptions!$B$15)/(Assumptions!$B$16*Assumptions!$B$12*10^12*C12)/60 -> 13.979076 | H12: =G12/E12 -> 17.473846 | I12: =H12+Assumptions!$B$23 -> 23.473846 | J12: =Assumptions!$B$8 -> 1.5 | K12: =I12/60*C12*J12 -> 9.3895382 | L12: =K12*F12 -> 9.3895382
A13: Track A total | F13: =SUM(F5:F12) -> 8 | L13: =SUM(L5:L12) -> 81.269203
A15: Note: the 1-GPU baseline is the longest single run in this track. Ideal train min = 6 * params * tokens / (MFU * peak FLOP/s * GPUs).
A16: Note: efficiency figures for the Ethernet rows are hypotheses drawn from the communication-vs-compute arithmetic, not measurements.

Sheet Track B
A1: Track B - 7B model, throughput only (never trained to convergence)
A2: Measures MFU and scaling efficiency across parallelism strategies. Short runs only, so cost stays bounded.
A4: Configuration | B4: Parallelism | C4: Nodes | D4: GPUs | E4: Scaling efficiency (guess) | F4: Step time (s) | G4: Run min | H4: Billed min | I4: Rate $/GPU-hr | J4: $ / config
A5: 1 node, pure FSDP2 | B5: FSDP2 x8 | C5: 1 | D5: 8 | E5: 0.9 | F5: =(6*Assumptions!$B$18*Assumptions!$B$19)/(Assumptions!$B$20*Assumptions!$B$12*10^12*D5)/E5 -> 7.7230976 | G5: =F5*Assumptions!$B$21/60 -> 5.1487318 | H5: =G5+Assumptions!$B$23 -> 11.148732 | I5: =Assumptions!$B$8 -> 1.5 | J5: =H5/60*D5*I5 -> 2.2297464
A6: 1 node, FSDP2 + TP2 | B6: TP2 x FSDP4 | C6: 1 | D6: 8 | E6: 0.88 | F6: =(6*Assumptions!$B$18*Assumptions!$B$19)/(Assumptions!$B$20*Assumptions!$B$12*10^12*D6)/E6 -> 7.8986226 | G6: =F6*Assumptions!$B$21/60 -> 5.2657484 | H6: =G6+Assumptions!$B$23 -> 11.265748 | I6: =Assumptions!$B$8 -> 1.5 | J6: =H6/60*D6*I6 -> 2.2531497
A7: 1 node, FSDP2 + TP4 | B7: TP4 x FSDP2 | C7: 1 | D7: 8 | E7: 0.85 | F7: =(6*Assumptions!$B$18*Assumptions!$B$19)/(Assumptions!$B$20*Assumptions!$B$12*10^12*D7)/E7 -> 8.1773975 | G7: =F7*Assumptions!$B$21/60 -> 5.4515983 | H7: =G7+Assumptions!$B$23 -> 11.451598 | I7: =Assumptions!$B$8 -> 1.5 | J7: =H7/60*D7*I7 -> 2.2903197
A8: 1 node, pure TP | B8: TP8 | C8: 1 | D8: 8 | E8: 0.78 | F8: =(6*Assumptions!$B$18*Assumptions!$B$19)/(Assumptions!$B$20*Assumptions!$B$12*10^12*D8)/E8 -> 8.9112665 | G8: =F8*Assumptions!$B$21/60 -> 5.9408443 | H8: =G8+Assumptions!$B$23 -> 11.940844 | I8: =Assumptions!$B$8 -> 1.5 | J8: =H8/60*D8*I8 -> 2.3881689
A9: 2 nodes, FSDP2 16-way | B9: FSDP2 x16 | C9: 2 | D9: 16 | E9: 0.72 | F9: =(6*Assumptions!$B$18*Assumptions!$B$19)/(Assumptions!$B$20*Assumptions!$B$12*10^12*D9)/E9 -> 4.826936 | G9: =F9*Assumptions!$B$21/60 -> 3.2179574 | H9: =G9+Assumptions!$B$23 -> 9.2179574 | I9: =Assumptions!$B$8 -> 1.5 | J9: =H9/60*D9*I9 -> 3.6871829
A10: 2 nodes, TP intra x DP inter | B10: TP8 x DP2 | C10: 2 | D10: 16 | E10: 0.8 | F10: =(6*Assumptions!$B$18*Assumptions!$B$19)/(Assumptions!$B$20*Assumptions!$B$12*10^12*D10)/E10 -> 4.3442424 | G10: =F10*Assumptions!$B$21/60 -> 2.8961616 | H10: =G10+Assumptions!$B$23 -> 8.8961616 | I10: =Assumptions!$B$8 -> 1.5 | J10: =H10/60*D10*I10 -> 3.5584646
A11: 2 nodes, TP intra x FSDP inter | B11: TP8 x FSDP2 | C11: 2 | D11: 16 | E11: 0.75 | F11: =(6*Assumptions!$B$18*Assumptions!$B$19)/(Assumptions!$B$20*Assumptions!$B$12*10^12*D11)/E11 -> 4.6338586 | G11: =F11*Assumptions!$B$21/60 -> 3.0892391 | H11: =G11+Assumptions!$B$23 -> 9.0892391 | I11: =Assumptions!$B$8 -> 1.5 | J11: =H11/60*D11*I11 -> 3.6356956
A12: 2 nodes, TP x DP over Ethernet | B12: TP8 x DP2 (slow) | C12: 2 | D12: 16 | E12: 0.35 | F12: =(6*Assumptions!$B$18*Assumptions!$B$19)/(Assumptions!$B$20*Assumptions!$B$12*10^12*D12)/E12 -> 9.929697 | G12: =F12*Assumptions!$B$21/60 -> 6.619798 | H12: =G12+Assumptions!$B$23 -> 12.619798 | I12: =Assumptions!$B$8 -> 1.5 | J12: =H12/60*D12*I12 -> 5.0479192
A13: Track B total | J13: =SUM(J5:J12) -> 25.090647
A15: Note: step time = 6 * params * tokens-per-step / (MFU * peak FLOP/s * GPUs), divided by scaling efficiency.
A16: Note: launch overhead dominates these runs. Batching several configs into one provisioned session is the main saving available here.
